<?xml version="1.0" encoding="UTF-8"?>

<mule xmlns:metadata="http://www.mulesoft.org/schema/mule/metadata" xmlns:sfdc="http://www.mulesoft.org/schema/mule/sfdc" xmlns:file="http://www.mulesoft.org/schema/mule/file" xmlns:dw="http://www.mulesoft.org/schema/mule/ee/dw" xmlns:http="http://www.mulesoft.org/schema/mule/http" xmlns:mulexml="http://www.mulesoft.org/schema/mule/xml" xmlns="http://www.mulesoft.org/schema/mule/core" xmlns:doc="http://www.mulesoft.org/schema/mule/documentation"
	xmlns:spring="http://www.springframework.org/schema/beans" 
	xmlns:xsi="http://www.w3.org/2001/XMLSchema-instance"
	xsi:schemaLocation="http://www.springframework.org/schema/beans http://www.springframework.org/schema/beans/spring-beans-current.xsd
http://www.mulesoft.org/schema/mule/core http://www.mulesoft.org/schema/mule/core/current/mule.xsd
http://www.mulesoft.org/schema/mule/http http://www.mulesoft.org/schema/mule/http/current/mule-http.xsd
http://www.mulesoft.org/schema/mule/file http://www.mulesoft.org/schema/mule/file/current/mule-file.xsd
http://www.mulesoft.org/schema/mule/ee/dw http://www.mulesoft.org/schema/mule/ee/dw/current/dw.xsd
http://www.mulesoft.org/schema/mule/xml http://www.mulesoft.org/schema/mule/xml/current/mule-xml.xsd
http://www.mulesoft.org/schema/mule/sfdc http://www.mulesoft.org/schema/mule/sfdc/current/mule-sfdc.xsd">
    <http:listener-config name="HTTP_Listener_Configuration" host="0.0.0.0" port="8081" doc:name="HTTP Listener Configuration"/>
    <flow name="samplemuleprojectFlow">
        <http:listener config-ref="HTTP_Listener_Configuration" path="/path" doc:name="HTTP"/>
        <mulexml:dom-to-xml-transformer doc:name="DOM to XML"/>
        <dw:transform-message doc:name="Transform Message" metadata:id="04b64f31-87aa-49ad-9bb9-195bbdbba3a1">
            <dw:set-payload><![CDATA[%dw 1.0
%output application/json
---
{
	BookStore: {
		book: payload.BookStore.*book map ((book , indexOfBook) -> {
			title: book.title,
			author: book.*author[0],
			year: book.year as :string,
			price: book.price as :string
		})
	}
}]]></dw:set-payload>
        </dw:transform-message>
        <file:outbound-endpoint path="C:\Users\maditapu.mani\Test" responseTimeout="10000" doc:name="File" outputPattern="BookStore.json"/>
    </flow>
</mule>
